Parent Name,Parent Id,Identifier,Company Name,Type,Relationship,Country/Region,Industry,Confidence Score (%),Last Update Date,Days Since Last Update,Freshness,Snippet Count,Revenue (USD),EQ Score,Implied Rating,fetch_time
United States Postal Service,4296376460,5044173647,Oshkosh Defense LLC,Private,Supplier,United States of America,Auto & Truck Manufacturers,0.996486544890381,2022-01-25,9,5,12,591820525.0,,,2022-02-03 14:32:00
Ford Motor Co,4295903068,5068310761,Rivian Automotive LLC,Private,Supplier,United States of America,Auto & Truck Manufacturers,0.998615695266053,2021-10-13 00:00:00,113,5,15,,,,2022-02-03 11:20:00
Stellantis NV,5043319761,5053732847,Waymo LLC,Private,Customer,United States of America,Auto & Truck Manufacturers,0.999215628120821,2021-11-03 00:00:00,92,5,16,,,,2022-02-03 17:52:00
Boeing Co,4295903076,4295522507,CFM International Inc,Private,Supplier,United States of America,Aerospace & Defense,0.997360971107342,2018-03-11 00:00:00,1425,2,13,15700587.0,,,2022-02-03 12:01:00
Microsoft Corp,4295907168,4295914983,Ribbon Communications Inc,Public,Supplier,United States of America,Communications & Networking,0.988706718644231,2017-11-17 00:00:00,1539,2,10,198917519.0,14.0,BB+,2022-02-03 14:22:00
AT&T Inc,4295904853,4295914983,Ribbon Communications Inc,Public,Supplier,United States of America,Communications & Networking,0.997989693495981,2017-10-27 00:00:00,1560,2,13,198917519.0,14.0,BB+,2022-02-03 11:21:00
FedEx Corp,4295912126,4295999213,Fedex Ground Package System,Private,Customer,United States of America,-,0.982714968832853,2021-01-27 00:00:00,372,5,9,,,,2022-02-03 11:23:00
FedEx Corp,4295912126,4295999213,Fedex Ground Package System,Private,Supplier,United States of America,-,0.968563967131053,2020-07-20 00:00:00,563,4,8,,,,2022-02-03 11:23:00
General Electric Co,4295903128,4296040878,Barnes Aerospace,Private,Supplier,United States of America,-,1.0,2018-02-20 00:00:00,1444,2,1,,,,2022-02-03 12:35:00
Telstra Corporation Ltd,4295857009,4296309862,,Private,Customer,Australia,-,0.992292020039012,2019-08-14 00:00:00,904,4,11,,,,2022-02-03 12:47:00
Honda Motor Co Ltd,5000058303,4296331229,Red Bull GmbH,Private,Customer,Austria,Non-Alcoholic Beverages,0.992666531090369,2021-10-08 00:00:00,118,5,11,,,,2022-02-03 11:24:00
AT&T Inc,4295904853,4296341902,Home Box Office Inc,Private,Customer,United States of America,Broadcasting,0.994495055005615,2021-05-21 00:00:00,258,5,12,772318015.0,,,2022-02-03 11:21:00
Indosat Tbk PT,4295874580,4296416198,Telekomunikasi Selular PT,Private,Supplier,Indonesia,Wireless Telecommunications Services,0.974517663278485,2018-04-17 00:00:00,1388,2,8,5691340091.54531,,,2022-02-03 11:44:00
Boeing Co,4295903076,4296449856,Pratt & Whitney Co,Private,Supplier,United States of America,Aerospace & Defense,0.981660638599126,2022-01-25 00:00:00,9,5,9,,,,2022-02-03 12:01:00
Raytheon Technologies Corp,4295905180,4296449856,Pratt & Whitney Co,Private,Supplier,United States of America,Aerospace & Defense,0.991418336035385,2021-04-26 00:00:00,283,5,11,,,,2022-02-03 12:37:00
Telefonaktiebolaget LM Ericsson,4295890008,4296712334,ERICSSON RADIO ACCESS AB(LM),Private,Customer,Sweden,-,0.974739723781289,2020-03-03 00:00:00,702,4,8,,,,2022-02-03 11:40:00
Microsoft Corp,4295907168,4297017371,Department of Defence,Private,Customer,Australia,National Security & International Affairs,0.984331057813687,2020-09-05 00:00:00,516,4,9,408210454.560889,,,2022-02-03 14:22:00
Clean Energy And Power Inc,4295902939,4296790288,Toyota Motor Corporation Australia Ltd,Private,Supplier,Australia,Auto & Truck Manufacturers,0.971141070013754,2018-03-13 00:00:00,1423,2,8,6449026813.50294,,,2022-02-03 18:51:00
NVIDIA Corp,4295914405,4297188082,Volvo Personvagnar AB,Private,Customer,Sweden,Auto & Truck Manufacturers,0.988341707482445,2021-06-30 00:00:00,218,5,10,,,,2022-02-03 19:15:00
Apple Inc,4295905573,4297722678,Toyo Rikagaku Kenkyusho Co Ltd,Private,Supplier,Japan,Iron & Steel,1.0,2018-02-01 00:00:00,1463,2,1,,,,2022-02-03 19:04:00
Apple Inc,4295905573,4298129077,Wickeder Westfalenstahl GmbH,Private,Supplier,Germany,Iron & Steel,1.0,2018-02-01 00:00:00,1463,2,1,52611127.6075433,,A-,2022-02-03 19:04:00
Apple Inc,4295905573,4298194665,Zeniya Aluminum Engineering Ltd,Private,Supplier,Japan,Iron & Steel,1.0,2018-02-01 00:00:00,1463,2,1,,,,2022-02-03 19:04:00
Apple Inc,4295905573,5000437400,Cathay Tat Ming Metal Manufactory Ltd,Private,Supplier,Hong Kong,Iron & Steel,1.0,2018-02-01 00:00:00,1463,2,1,,,,2022-02-03 19:04:00
Stellantis NV,5043319761,5000741507,LotLinx Inc,Private,Supplier,United States of America,"Auto Vehicles, Parts & Service Retailers",1.0,2018-11-13 00:00:00,1178,3,1,,,,2022-02-03 17:52:00
Nippon Steel Corp,4295877313,5039192473,Ovako Midco AB,Private,Customer,Sweden,Iron & Steel,1.0,2018-06-04 00:00:00,1340,2,1,,,A-,2022-02-03 20:36:00
Toshiba Corp,4295877311,4295907050,TiVo Corp,Private,Supplier,United States of America,Software,0.58422,2014-02-12 00:00:00,2913,1,3,,,,2022-02-03 18:27:00
Samsung Electronics Co Ltd,4295882451,4295907050,TiVo Corp,Private,Supplier,United States of America,Software,0.988393285594388,2018-12-04 00:00:00,1157,3,9,,,,2022-02-03 18:34:00
Comcast Corp,4295908573,4295907050,TiVo Corp,Private,Supplier,United States of America,Software,0.686329542875712,2016-04-01 00:00:00,2134,1,5,,,,2022-02-03 19:12:00
Microsoft Corp,4295907168,4295907050,TiVo Corp,Private,Supplier,United States of America,Software,0.30450976,2013-02-13 00:00:00,3277,1,2,,,,2022-02-03 14:22:00
Panasonic Corp,4295877797,4295907050,TiVo Corp,Private,Supplier,United States of America,Software,0.708515204677968,2016-02-11 00:00:00,2184,1,6,,,,2022-02-03 18:29:00
Apple Inc,4295905573,4295907050,TiVo Corp,Private,Supplier,United States of America,Software,0.6446298,2015-02-19 00:00:00,2541,1,4,,,,2022-02-03 19:04:00
DISH Network Corp,4295906251,4295907050,TiVo Corp,Private,Supplier,United States of America,Software,0.27524304,2018-11-07 00:00:00,1184,3,2,,,,2022-02-03 19:07:00
Google LLC,4295899948,4295907050,TiVo Corp,Private,Supplier,United States of America,Software,0.30450976,2014-02-12 00:00:00,2913,1,2,,,,2022-02-03 11:48:00
Sharp Corp,4295877381,4295907050,TiVo Corp,Private,Supplier,United States of America,Software,0.3130268,2015-03-17 00:00:00,2516,1,2,,,,2022-02-04 11:05:00
Verizon Communications Inc,4295911976,5000034562,Samsung Electronics America Inc,Private,Supplier,United States of America,Computer & Electronics Retailers,0.975597281561844,2018-01-03 00:00:00,1492,2,8,1468609423.0,,,2022-02-03 12:42:00
AT&T Inc,4295904853,5000034562,Samsung Electronics America Inc,Private,Supplier,United States of America,Computer & Electronics Retailers,0.64148123107248,2018-09-11 00:00:00,1241,3,4,1468609423.0,,,2022-02-03 11:21:00
AT&T Inc,4295904853,5000034562,Samsung Electronics America Inc,Private,Customer,United States of America,Computer & Electronics Retailers,0.2760416,2018-09-11 00:00:00,1241,3,2,1468609423.0,,,2022-02-03 11:21:00
Cummins Inc,4295903829,5000694617,Ballard Power Systems Inc,Public,Customer,Canada,Renewable Energy Equipment & Services,0.27434248,2018-02-14 00:00:00,1450,2,2,103877000.0,10.0,BBB-,2022-02-03 17:38:00
Audi AG,4295869354,5000694617,Ballard Power Systems Inc,Public,Supplier,Canada,Renewable Energy Equipment & Services,0.999858782672194,2019-03-08 00:00:00,1063,3,19,,10.0,,2022-02-03 17:32:00
Bayerische Motoren Werke AG,4295869227,5000694617,Ballard Power Systems Inc,Public,Supplier,Canada,Renewable Energy Equipment & Services,0.582484869648,2012-04-27 00:00:00,3569,1,3,103877000.0,10.0,BBB-,2022-02-03 11:17:00
Mercedes-Benz Group AG,4295869694,5000694617,Ballard Power Systems Inc,Public,Supplier,Canada,Renewable Energy Equipment & Services,0.697493110519723,2018-02-14 00:00:00,1450,2,6,103877000.0,10.0,BBB-,2022-02-03 17:33:00
Mercedes-Benz Group AG,4295869694,5000694617,Ballard Power Systems Inc,Public,Customer,Canada,Renewable Energy Equipment & Services,0.5166020352,2013-03-15 00:00:00,3247,1,3,103877000.0,10.0,BBB-,2022-02-03 17:33:00
Walmart Inc,4295905298,5000694617,Ballard Power Systems Inc,Public,Supplier,Canada,Renewable Energy Equipment & Services,0.62318135072352,2014-02-26 00:00:00,2899,1,4,103877000.0,10.0,BBB-,2022-02-03 19:04:00
Plug Power Inc,4295914572,5000694617,Ballard Power Systems Inc,Public,Supplier,Canada,Renewable Energy Equipment & Services,0.999483676868268,2018-03-02 00:00:00,1434,2,17,,10.0,,2022-02-03 14:30:00
Volkswagen AG,4295869244,5000694617,Ballard Power Systems Inc,Public,Supplier,Canada,Renewable Energy Equipment & Services,0.967112851967036,2018-05-02 00:00:00,1373,2,8,103877000.0,10.0,BBB-,2022-02-03 11:18:00
FedEx Corp,4295912126,5000694617,Ballard Power Systems Inc,Public,Supplier,Canada,Renewable Energy Equipment & Services,0.31856,2013-06-14 00:00:00,3156,1,2,103877000.0,10.0,BBB-,2022-02-03 11:23:00
Coca-Cola Co,4295903091,5000694617,Ballard Power Systems Inc,Public,Supplier,Canada,Renewable Energy Equipment & Services,0.31988,2011-07-19 00:00:00,3852,1,2,103877000.0,10.0,BBB-,2022-02-03 18:52:00
Whole Foods Market Inc,4295908472,5000694617,Ballard Power Systems Inc,Public,Supplier,Canada,Renewable Energy Equipment & Services,0.31855912,2013-06-14 00:00:00,3156,1,2,103877000.0,10.0,BBB-,2022-02-03 22:37:00
Toyota Motor Corp,4295876746,5000694617,Ballard Power Systems Inc,Public,Supplier,Canada,Renewable Energy Equipment & Services,0.31177064,2012-04-27 00:00:00,3569,1,2,103877000.0,10.0,BBB-,2022-02-03 17:56:00
LG Display Co Ltd,4295882602,5000741689,Paju Electric Glass Co Ltd,Private,Supplier,Korea; Republic (S. Korea),-,1.0,2018-07-12 00:00:00,1303,2,1,,,,2022-02-04 11:07:00
Amazon.com Inc,4295905494,5004837812,Sun Country Industries Inc,Private,Supplier,United States of America,Industrial Machinery & Equipment,0.991888466559926,2021-02-08 00:00:00,360,5,11,,,,2022-02-03 19:04:00
Samsung Electronics Co Ltd,4295882451,5037430729,Samsung Display Co Ltd,Private,Supplier,Korea; Republic (S. Korea),Electronic Equipment & Parts,0.990346012888364,2021-06-02 00:00:00,246,5,10,,,,2022-02-03 18:34:00
Huawei Technologies Co Ltd,4296309931,5037430729,Samsung Display Co Ltd,Private,Supplier,Korea; Republic (S. Korea),Electronic Equipment & Parts,0.725742230492359,2020-10-27 00:00:00,464,4,7,,,,2022-02-03 19:20:00
Universal Display Corp,4295915260,5037430729,Samsung Display Co Ltd,Private,Customer,Korea; Republic (S. Korea),Electronic Equipment & Parts,0.694470377470083,2018-10-31 00:00:00,1192,3,6,,,,2022-02-04 07:33:00
Corning Inc,4295903798,5037430729,Samsung Display Co Ltd,Private,Customer,Korea; Republic (S. Korea),Electronic Equipment & Parts,0.610779060284621,2019-06-04 00:00:00,976,3,4,,,,2022-02-04 11:14:00
Corning Inc,4295903798,5037430729,Samsung Display Co Ltd,Private,Supplier,Korea; Republic (S. Korea),Electronic Equipment & Parts,0.29223936,2017-11-22 00:00:00,1535,2,2,,,,2022-02-04 11:14:00
Apple Inc,4295905573,5037430729,Samsung Display Co Ltd,Private,Supplier,Korea; Republic (S. Korea),Electronic Equipment & Parts,0.99994717519308,2021-10-12 00:00:00,114,5,21,,,,2022-02-03 19:04:00
Air Products and Chemicals Inc,4295903294,5037430729,Samsung Display Co Ltd,Private,Customer,Korea; Republic (S. Korea),Electronic Equipment & Parts,0.57309777408,2018-01-25 00:00:00,1471,2,3,,,,2022-02-04 11:13:00
Microsoft Corp,4295907168,5037841356,Degreed Inc,Private,Supplier,United States of America,Software,0.979281440613757,2021-10-05 00:00:00,121,5,8,,,,2022-02-03 14:22:00
Intel Corp,4295906830,5038056692,Amazon Web Services Inc,Private,Customer,United States of America,IT Services & Consulting,0.975325320933122,2021-11-29 00:00:00,66,5,8,,,,2022-02-03 19:08:00
Intel Corp,4295906830,5038056692,Amazon Web Services Inc,Private,Supplier,United States of America,IT Services & Consulting,0.3057948,2018-12-13 00:00:00,1148,3,2,,,,2022-02-03 19:08:00
Vodafone Group PLC,4295896661,5038056692,Amazon Web Services Inc,Private,Supplier,United States of America,IT Services & Consulting,0.5513496096,2021-06-18 00:00:00,230,5,3,,,,2022-02-03 18:48:00
BP PLC,4295894740,5038056692,Amazon Web Services Inc,Private,Customer,United States of America,IT Services & Consulting,0.981918938628303,2019-12-05 00:00:00,791,4,9,,,,2022-02-03 16:40:00
NVIDIA Corp,4295914405,5038056692,Amazon Web Services Inc,Private,Customer,United States of America,IT Services & Consulting,0.992445036033344,2022-01-25 00:00:00,9,5,10,,,,2022-02-03 19:15:00
Walmart Inc,4295905298,5038056692,Amazon Web Services Inc,Private,Supplier,United States of America,IT Services & Consulting,0.54927404688,2019-12-13 00:00:00,783,4,3,,,,2022-02-03 19:04:00
Samsung Electronics Co Ltd,4295882451,5038056692,Amazon Web Services Inc,Private,Supplier,United States of America,IT Services & Consulting,0.633123169235789,2021-02-10 00:00:00,358,5,4,,,,2022-02-03 18:34:00
Accenture PLC,4295903017,5038056692,Amazon Web Services Inc,Private,Customer,United States of America,IT Services & Consulting,0.61373217712823,2017-10-26 00:00:00,1562,2,4,,,,2022-02-04 11:13:00
Salesforce.Com Inc,4295915633,5038056692,Amazon Web Services Inc,Private,Supplier,United States of America,IT Services & Consulting,0.999450208094123,2021-06-23 00:00:00,225,5,16,,,,2022-02-03 19:16:00
Microsoft Corp,4295907168,5038056692,Amazon Web Services Inc,Private,Supplier,United States of America,IT Services & Consulting,0.998507427597469,2021-04-21 00:00:00,288,5,15,,,,2022-02-03 14:22:00
Microsoft Corp,4295907168,5038056692,Amazon Web Services Inc,Private,Supplier,United States of America,IT Services & Consulting,0.999578680327685,2021-08-11 00:00:00,176,5,18,,,,2022-02-03 14:22:00
Microsoft Corp,4295907168,5038056692,Amazon Web Services Inc,Private,Customer,United States of America,IT Services & Consulting,0.999975871346546,2021-11-21 00:00:00,74,5,24,,,,2022-02-03 14:22:00
Oracle Corp,4295907485,5038056692,Amazon Web Services Inc,Private,Customer,United States of America,IT Services & Consulting,0.993357460700677,2021-08-20 00:00:00,167,5,11,,,,2022-02-03 19:09:00
Volkswagen AG,4295869244,5038056692,Amazon Web Services Inc,Private,Supplier,United States of America,IT Services & Consulting,0.61535345102592,2020-12-15 00:00:00,415,5,4,,,,2022-02-03 11:18:00
KDDI Corp,4295880577,5038056692,Amazon Web Services Inc,Private,Supplier,United States of America,IT Services & Consulting,0.57447089856,2021-12-03 00:00:00,62,5,3,,,,2022-02-03 18:32:00
International Business Machines Corp,4295904307,5038056692,Amazon Web Services Inc,Private,Customer,United States of America,IT Services & Consulting,0.973613555172998,2021-11-30 00:00:00,65,5,8,,,,2022-02-03 18:58:00
International Business Machines Corp,4295904307,5038056692,Amazon Web Services Inc,Private,Supplier,United States of America,IT Services & Consulting,0.702863424154992,2019-10-27 00:00:00,830,4,6,,,,2022-02-03 18:58:00
International Business Machines Corp,4295904307,5038056692,Amazon Web Services Inc,Private,Supplier,United States of America,IT Services & Consulting,0.702863424154992,2019-10-27 00:00:00,830,4,6,,,,2022-02-03 18:58:00
Verizon Communications Inc,4295911976,5038056692,Amazon Web Services Inc,Private,Supplier,United States of America,IT Services & Consulting,0.685044050368179,2021-12-02 00:00:00,63,5,5,,,,2022-02-03 12:42:00
Verizon Communications Inc,4295911976,5038056692,Amazon Web Services Inc,Private,Customer,United States of America,IT Services & Consulting,0.687377200127734,2021-09-08 00:00:00,148,5,6,,,,2022-02-03 12:42:00
Nokia Oyj,4295866480,5038056692,Amazon Web Services Inc,Private,Customer,United States of America,IT Services & Consulting,0.708844061770472,2021-10-07 00:00:00,119,5,6,,,,2022-02-03 11:39:00
Nokia Oyj,4295866480,5038056692,Amazon Web Services Inc,Private,Supplier,United States of America,IT Services & Consulting,0.677531434354987,2021-10-07 00:00:00,119,5,5,,,,2022-02-03 11:39:00
Shell PLC,4295885039,5038056692,Amazon Web Services Inc,Private,Supplier,United States of America,IT Services & Consulting,0.583323119616,2021-12-03 00:00:00,62,5,3,,,,2022-02-03 18:37:00
Red Hat Inc,4295914696,5038056692,Amazon Web Services Inc,Private,Customer,United States of America,IT Services & Consulting,0.551412107328,2018-11-05 00:00:00,1186,3,3,,,,2022-02-03 22:38:00
NetApp Inc,4295907376,5038056692,Amazon Web Services Inc,Private,Supplier,United States of America,IT Services & Consulting,0.3006672,2021-12-01 00:00:00,64,5,2,,,,2022-02-03 14:26:00
NetApp Inc,4295907376,5038056692,Amazon Web Services Inc,Private,Customer,United States of America,IT Services & Consulting,0.28975424,2021-12-13 00:00:00,52,5,2,,,,2022-02-03 14:26:00
BHP Group Ltd,4295856983,5038056692,Amazon Web Services Inc,Private,Supplier,United States of America,IT Services & Consulting,0.29030912,2021-06-17 00:00:00,231,5,2,,,,2022-02-03 18:11:00
Apple Inc,4295905573,5038056692,Amazon Web Services Inc,Private,Supplier,United States of America,IT Services & Consulting,0.994693372593328,2021-04-29 00:00:00,280,5,12,,,,2022-02-03 19:04:00
Cathay Pacific Airways Ltd,4295871522,5038056692,Amazon Web Services Inc,Private,Supplier,United States of America,IT Services & Consulting,0.30365856,2019-04-25 00:00:00,1015,3,2,,,,2022-02-03 18:19:00
Telenor ASA,4295885638,5038056692,Amazon Web Services Inc,Private,Supplier,United States of America,IT Services & Consulting,0.3135848,2017-04-04 00:00:00,1766,1,2,,,,2022-02-03 18:37:00
Amazon.com Inc,4295905494,5038056692,Amazon Web Services Inc,Private,Supplier,United States of America,IT Services & Consulting,0.999994688840341,2021-12-02 00:00:00,63,5,27,,,,2022-02-03 19:04:00
Mobileye BV,4296450943,5038056692,Amazon Web Services Inc,Private,Supplier,United States of America,IT Services & Consulting,0.30510048,2022-01-05 00:00:00,29,5,2,,,,2022-02-03 19:23:00
Bsquare Corp,4295912718,5038056692,Amazon Web Services Inc,Private,Supplier,United States of America,IT Services & Consulting,0.620777362858752,2019-01-15 00:00:00,1115,3,4,,,,2022-02-03 19:15:00
Advanced Micro Devices Inc,4295903297,5038056692,Amazon Web Services Inc,Private,Customer,United States of America,IT Services & Consulting,0.717502013035085,2021-09-13 00:00:00,143,5,7,,,,2022-02-03 18:53:00
Ford Motor Co,4295903068,5038056692,Amazon Web Services Inc,Private,Supplier,United States of America,IT Services & Consulting,0.57387554328,2019-05-01 00:00:00,1009,3,3,,,,2022-02-03 11:20:00
Netflix Inc,4295902158,5038056692,Amazon Web Services Inc,Private,Supplier,United States of America,IT Services & Consulting,0.997854748677869,2022-02-03 00:00:00,1,5,13,,,,2022-02-04 11:12:00
NortonLifeLock Inc,4295908065,5038056692,Amazon Web Services Inc,Private,Supplier,United States of America,IT Services & Consulting,0.6246145166592,2018-11-28 00:00:00,1163,3,4,,,,2022-02-03 19:10:00
NortonLifeLock Inc,4295908065,5038056692,Amazon Web Services Inc,Private,Customer,United States of America,IT Services & Consulting,0.54071267136,2019-06-25 00:00:00,954,3,3,,,,2022-02-03 19:10:00
Stellantis NV,5043319761,5038056692,Amazon Web Services Inc,Private,Supplier,United States of America,IT Services & Consulting,0.55568424144,2022-01-05 00:00:00,29,5,3,,,,2022-02-03 17:52:00
DISH Network Corp,4295906251,5038056692,Amazon Web Services Inc,Private,Supplier,United States of America,IT Services & Consulting,0.998551722372046,2021-11-30 00:00:00,65,5,14,,,,2022-02-03 19:07:00
Whole Foods Market Inc,4295908472,5038056692,Amazon Web Services Inc,Private,Customer,United States of America,IT Services & Consulting,0.29063808,2019-03-11 00:00:00,1060,3,2,,,,2022-02-03 22:37:00
Google LLC,4295899948,5038056692,Amazon Web Services Inc,Private,Customer,United States of America,IT Services & Consulting,0.981874751784674,2021-05-11 00:00:00,268,5,9,,,,2022-02-03 11:48:00
Google LLC,4295899948,5038056692,Amazon Web Services Inc,Private,Supplier,United States of America,IT Services & Consulting,0.675007409871705,2021-06-11 00:00:00,237,5,5,,,,2022-02-03 11:48:00
AT&T Inc,4295904853,5038056692,Amazon Web Services Inc,Private,Customer,United States of America,IT Services & Consulting,0.55843493904,2018-03-01 00:00:00,1435,2,3,,,,2022-02-03 11:21:00
AT&T Inc,4295904853,5038056692,Amazon Web Services Inc,Private,Supplier,United States of America,IT Services & Consulting,0.30544128,2019-05-01 00:00:00,1009,3,2,,,,2022-02-03 11:21:00
United States Postal Service,4296376460,5038056692,Amazon Web Services Inc,Private,Customer,United States of America,IT Services & Consulting,0.316878,2019-09-01 00:00:00,886,4,2,,,,2022-02-03 14:32:00
Telstra Corporation Ltd,4295857009,5038056692,Amazon Web Services Inc,Private,Supplier,United States of America,IT Services & Consulting,0.30506224,2021-10-07 00:00:00,119,5,2,,,,2022-02-03 12:47:00
EMC Corp,4295903890,5038056692,Amazon Web Services Inc,Private,Customer,United States of America,IT Services & Consulting,0.2975504,2021-12-01 00:00:00,64,5,2,,,,2022-02-03 18:56:00
General Electric Co,4295903128,5038056692,Amazon Web Services Inc,Private,Supplier,United States of America,IT Services & Consulting,0.58290339648,2017-10-05 00:00:00,1582,2,3,,,,2022-02-03 12:35:00
Swisscom AG,4295890615,5038056692,Amazon Web Services Inc,Private,Supplier,United States of America,IT Services & Consulting,0.997742496349747,2021-12-02 00:00:00,63,5,13,,,,2022-02-03 18:44:00
Toyota Motor Corp,4295876746,5038056692,Amazon Web Services Inc,Private,Supplier,United States of America,IT Services & Consulting,0.3039808,2019-02-20 00:00:00,1079,3,2,,,,2022-02-03 17:56:00
Intel Corp,4295906830,5039029590,Newsfile Corp,Private,Supplier,Canada,Online Services,0.715936444771177,2017-08-30 00:00:00,1618,1,7,,,,2022-02-03 19:08:00
Qualcomm Inc,4295907706,5039029590,Newsfile Corp,Private,Supplier,Canada,Online Services,0.967562953418072,2017-08-30 00:00:00,1618,1,8,,,,2022-02-03 19:10:00
Coca-Cola Co,4295903091,5039029590,Newsfile Corp,Private,Supplier,Canada,Online Services,1.0,2017-08-30 00:00:00,1618,1,9,,,,2022-02-03 18:52:00
Oracle Corp,4295907485,4296726990,MySql AB,Private,Customer,Sweden,IT Services & Consulting,0.988228288673924,2021-09-01 00:00:00,155,5,10,,,AAA,2022-02-03 19:09:00
Meta Platforms Inc,4297297477,4296726990,MySql AB,Private,Supplier,Sweden,IT Services & Consulting,1.0,2018-11-07 00:00:00,1185,3,2,,,AAA,2022-02-04 11:35:00
Meta Platforms Inc,4297297477,4296839260,PRO Unlimited Inc,Private,Supplier,United States of America,Business Support Services,1.0,2017-04-09 00:00:00,1762,1,1,,,,2022-02-04 11:35:00
Microsoft Corp,4295907168,4297156914,Invenergy LLC,Private,Supplier,United States of America,Electric Utilities,0.31722944,2019-03-07 00:00:00,1064,3,2,679628310.0,,,2022-02-03 14:22:00
Meta Platforms Inc,4297297477,4297156914,Invenergy LLC,Private,Supplier,United States of America,Electric Utilities,1.0,2018-07-19 00:00:00,1296,2,1,679628310.0,,,2022-02-04 11:35:00
Oracle Corp,4295907485,4297350931,Rimini Street Inc (Pre-Merger),Private,Supplier,United States of America,IT Services & Consulting,0.999841255510833,2017-10-11 00:00:00,1576,2,20,,,,2022-02-03 19:09:00
Oracle Corp,4295907485,4297350931,Rimini Street Inc (Pre-Merger),Private,Customer,United States of America,IT Services & Consulting,0.992097244307166,2017-09-07 00:00:00,1610,2,11,,,,2022-02-03 19:09:00
International Business Machines Corp,4295904307,5000431525,Acrolinx GmbH,Private,Supplier,Germany,Software,0.56731966272,2017-07-24 00:00:00,1655,1,3,,,,2022-02-03 18:58:00
Meta Platforms Inc,4297297477,5000431525,Acrolinx GmbH,Private,Supplier,Germany,Software,1.0,2017-07-24 00:00:00,1656,1,1,,,,2022-02-04 11:35:00
Google LLC,4295899948,5000431525,Acrolinx GmbH,Private,Supplier,Germany,Software,0.31591488,2017-07-24 00:00:00,1655,1,2,,,,2022-02-03 11:48:00
Meta Platforms Inc,4297297477,5037430461,Instagram Inc,Private,Customer,United States of America,Software,0.999918403900422,2021-02-14 00:00:00,355,5,21,,,,2022-02-04 11:35:00
Meta Platforms Inc,4297297477,5037430461,Instagram Inc,Private,Supplier,United States of America,Software,0.994329878174154,2020-12-09 00:00:00,422,5,12,,,,2022-02-04 11:35:00
Netflix Inc,4295902158,5037430461,Instagram Inc,Private,Supplier,United States of America,Software,0.29831392,2018-11-26 00:00:00,1166,3,2,,,,2022-02-04 11:12:00
Meta Platforms Inc,4297297477,5037929071,Entelo Inc,Private,Supplier,United States of America,Software,1.0,2017-04-18 00:00:00,1753,1,1,2906428.0,,,2022-02-04 11:35:00
VMware Inc,4295907347,5040225699,Veeam Software Group GmbH,Private,Supplier,Switzerland,Software,0.999999999598503,2017-07-18 00:00:00,1662,1,44,,,,2022-02-04 11:29:00
HP Inc,4295904170,5040225699,Veeam Software Group GmbH,Private,Supplier,Switzerland,Software,0.582103058592,2013-06-13 00:00:00,3157,1,3,,,,2022-02-03 18:57:00
Microsoft Corp,4295907168,5040225699,Veeam Software Group GmbH,Private,Supplier,Switzerland,Software,0.69129440583233,2017-10-25 00:00:00,1562,2,6,,,,2022-02-03 14:22:00
International Business Machines Corp,4295904307,5040225699,Veeam Software Group GmbH,Private,Supplier,Switzerland,Software,0.29969968,2018-01-09 00:00:00,1486,2,2,,,,2022-02-03 18:58:00
Cummins Inc,4295903829,5045988724,Geotab Inc,Private,Supplier,Canada,Software,0.29346016,2016-02-09 00:00:00,2186,1,2,361847319.807373,,,2022-02-03 17:38:00
Ford Motor Co,4295903068,5045988724,Geotab Inc,Private,Supplier,Canada,Software,0.993890492304747,2021-12-08 00:00:00,57,5,11,361847319.807373,,,2022-02-03 11:20:00
Alibaba Group Holding Ltd,5000066483,5050659066,Cainiao Network Technology Co Ltd,Private,Supplier,China,IT Services & Consulting,0.968210552736968,2021-07-27 00:00:00,192,5,8,,,,2022-02-04 11:43:00
Meta Platforms Inc,4297297477,5064663433,Cello Signal Group Ltd,Private,Supplier,United Kingdom,Investment Holding Companies,1.0,2017-03-22 00:00:00,1780,1,1,51316.3605115102,,A-,2022-02-04 11:35:00
Meta Platforms Inc,4297297477,4296876935,Sony/ATV Music Publishing LLC,Private,Supplier,United States of America,Entertainment Production,1.0,2018-01-08 00:00:00,1488,2,1,26153235.0,,,2022-02-04 11:35:00
Meta Platforms Inc,4297297477,5037617549,B-Reel Intressenter AB,Private,Supplier,Sweden,Business Support Services,1.0,2017-06-18 00:00:00,1692,1,1,,,,2022-02-04 11:35:00
Remark Holdings Inc,4295900345,5042936734,Alibaba Cloud Computing Ltd,Private,Supplier,China,IT Services & Consulting,1.0,2018-11-27 00:00:00,1165,3,1,,,,2022-02-04 12:10:00
Remark Holdings Inc,4295900345,5042936734,Alibaba Cloud Computing Ltd,Private,Customer,China,IT Services & Consulting,0.573622493088,2017-01-23 00:00:00,1838,1,3,,,,2022-02-04 12:10:00
Chinasoft International Ltd,4295871885,5042936734,Alibaba Cloud Computing Ltd,Private,Customer,China,IT Services & Consulting,0.29615936,2013-11-11 00:00:00,3006,1,2,,,,2022-02-03 18:20:00
Xilinx Inc,4295908502,5042936734,Alibaba Cloud Computing Ltd,Private,Customer,China,IT Services & Consulting,0.559641114624,2017-10-12 00:00:00,1576,2,3,,,,2022-02-04 11:30:00
Red Hat Inc,4295914696,5042936734,Alibaba Cloud Computing Ltd,Private,Customer,China,IT Services & Consulting,0.559095810816,2017-10-12 00:00:00,1575,2,3,,,,2022-02-03 22:38:00
Alibaba Group Holding Ltd,5000066483,4297711847,Alipay.com Co Ltd,Private,Supplier,China,Online Services,0.999981403548291,2021-07-27 00:00:00,192,5,23,959398570.568709,,,2022-02-04 11:43:00
Accenture PLC,4295903017,5044006527,EdCast Inc,Private,Supplier,United States of America,Professional & Business Education,0.30014848,2018-09-03 00:00:00,1250,2,2,4072795.0,,,2022-02-04 11:13:00
Microsoft Corp,4295907168,5044006527,EdCast Inc,Private,Supplier,United States of America,Professional & Business Education,0.989303671953543,2021-09-27 00:00:00,129,5,10,4072795.0,,,2022-02-03 14:22:00
EMC Corp,4295903890,5044006527,EdCast Inc,Private,Supplier,United States of America,Professional & Business Education,0.63658199272512,2021-12-14 00:00:00,51,5,4,4072795.0,,,2022-02-03 18:56:00
Nokia Oyj,4295866480,5050989391,HMD global Oy,Private,Supplier,Finland,Communications & Networking,0.992495679504097,2021-12-21 00:00:00,44,5,11,,,,2022-02-03 11:39:00
Airbus SE,4295884955,4296045412,Cfm International SA,Private,Supplier,France,Industrial Machinery & Equipment,0.999915625039082,2021-12-16 00:00:00,49,5,20,1898616762.58836,,BBB,2022-02-03 18:36:00
Safran SA,4295867343,4296045412,Cfm International SA,Private,Supplier,France,Industrial Machinery & Equipment,0.688501781393213,2021-11-17 00:00:00,78,5,6,1898616762.58836,,BBB,2022-02-03 18:17:00
Safran SA,4295867343,4296045412,Cfm International SA,Private,Customer,France,Industrial Machinery & Equipment,0.637512065184,2019-12-03 00:00:00,793,4,4,1898616762.58836,,BBB,2022-02-03 18:17:00
Boeing Co,4295903076,4296045412,Cfm International SA,Private,Supplier,France,Industrial Machinery & Equipment,0.995335154466675,2021-06-26 00:00:00,222,5,12,1898616762.58836,,BBB,2022-02-03 12:01:00
Apple Inc,4295905573,4296328258,Nichia Corp,Private,Supplier,Japan,Commodity Chemicals,1.0,2018-02-01 00:00:00,1463,2,1,,,,2022-02-03 19:04:00
Apple Inc,4295905573,4296069256,Three Bond Co Ltd,Private,Supplier,Japan,Commodity Chemicals,1.0,2018-02-01 00:00:00,1463,2,1,359543789.759311,,AA-,2022-02-03 19:04:00
Apple Inc,4295905573,4297108741,Coilcraft Inc,Private,Supplier,United States of America,Electronic Equipment & Parts,1.0,2018-02-01 00:00:00,1463,2,1,325473.0,,,2022-02-03 19:04:00
Apple Inc,4295905573,4297771520,Seiko Advance Ltd,Private,Supplier,Japan,Paper Products,1.0,2018-02-01 00:00:00,1463,2,1,46312478.1544914,,,2022-02-03 19:04:00
Meggitt PLC,4295895717,4298073233,Ge Aviation Systems,Private,Customer,United States of America,Aerospace & Defense,0.53759235,2020-12-23 00:00:00,407,5,3,1568157710.0,,,2022-02-03 18:47:00
Airbus SE,4295884955,4298073233,Ge Aviation Systems,Private,Supplier,United States of America,Aerospace & Defense,0.708636567772545,2021-06-03 00:00:00,245,5,6,1568157710.0,,,2022-02-03 18:36:00
Air New Zealand Ltd,4295885156,4298073233,Ge Aviation Systems,Private,Supplier,United States of America,Aerospace & Defense,0.3024684,2019-09-24 00:00:00,863,4,2,1568157710.0,,,2022-02-03 12:30:00
Boeing Co,4295903076,4298073233,Ge Aviation Systems,Private,Supplier,United States of America,Aerospace & Defense,0.978687984616787,2021-06-03 00:00:00,245,5,8,1568157710.0,,,2022-02-03 12:01:00
General Electric Co,4295903128,4298073233,Ge Aviation Systems,Private,Customer,United States of America,Aerospace & Defense,0.29031,2021-12-20 00:00:00,45,5,2,1568157710.0,,,2022-02-03 12:35:00
Apple Inc,4295905573,4298247096,Jeou Uei Co Ltd,Private,Supplier,Taiwan,Electrical Components & Equipment,1.0,2018-02-01 00:00:00,1463,2,1,59201115.3085087,,,2022-02-03 19:04:00
PetroChina Co Ltd,4295864860,4298458436,Hin Leong Trading (Pte) Ltd,Private,Supplier,Singapore,Business Support Services,0.999854404617017,2018-11-15 00:00:00,1176,3,18,3982124.87935259,,,2022-02-03 16:43:00
PetroChina Co Ltd,4295864860,4298458436,Hin Leong Trading (Pte) Ltd,Private,Customer,Singapore,Business Support Services,0.999999999999831,2020-01-15 00:00:00,750,4,59,3982124.87935259,,,2022-02-03 16:43:00
BP PLC,4295894740,4298458436,Hin Leong Trading (Pte) Ltd,Private,Supplier,Singapore,Business Support Services,0.999999999978209,2019-04-04 00:00:00,1036,3,49,3982124.87935259,,,2022-02-03 16:40:00
BP PLC,4295894740,4298458436,Hin Leong Trading (Pte) Ltd,Private,Customer,Singapore,Business Support Services,0.999999999999992,2019-04-26 00:00:00,1014,3,66,3982124.87935259,,,2022-02-03 16:40:00
Glencore PLC,5034844193,4298458436,Hin Leong Trading (Pte) Ltd,Private,Customer,Singapore,Business Support Services,0.999999999996329,2019-11-11 00:00:00,816,4,54,3991608.24588822,,,2022-02-04 11:51:00
SK Innovation Co Ltd,4298008784,4298458436,Hin Leong Trading (Pte) Ltd,Private,Customer,Singapore,Business Support Services,0.726676865341208,2016-11-17 00:00:00,1904,1,7,3982124.87935259,,,2022-02-03 14:35:00
NK Lukoil PAO,4295887034,4298458436,Hin Leong Trading (Pte) Ltd,Private,Customer,Singapore,Business Support Services,0.999995727008917,2019-11-01 00:00:00,825,4,25,3982124.87935259,,,2022-02-03 18:39:00
Shell PLC,4295885039,4298458436,Hin Leong Trading (Pte) Ltd,Private,Customer,Singapore,Business Support Services,0.999999996738386,2019-12-17 00:00:00,779,4,40,3982124.87935259,,,2022-02-03 18:37:00
Bharat Petroleum Corporation Ltd,4295872490,4298458436,Hin Leong Trading (Pte) Ltd,Private,Customer,Singapore,Business Support Services,0.728595725859522,2016-03-11 00:00:00,2155,1,7,3982124.87935259,,,2022-02-03 18:22:00
Petroleo Brasileiro SA Petrobras,4295859763,4298458436,Hin Leong Trading (Pte) Ltd,Private,Customer,Singapore,Business Support Services,0.3188,2011-10-20 00:00:00,3759,1,2,3982124.87935259,,,2022-02-03 18:13:00
Conocophillips,4295903051,4298458436,Hin Leong Trading (Pte) Ltd,Private,Customer,Singapore,Business Support Services,0.651172774564992,2012-02-17 00:00:00,3639,1,4,3982124.87935259,,,2022-02-03 18:51:00
Itochu Corp,4295880516,4298458436,Hin Leong Trading (Pte) Ltd,Private,Customer,Singapore,Business Support Services,0.31374824,2011-03-08 00:00:00,3985,1,2,3982124.87935259,,,2022-02-03 16:40:00
Chevron Corp,4295903744,4298458436,Hin Leong Trading (Pte) Ltd,Private,Customer,Singapore,Business Support Services,0.998454535349835,2014-11-19 00:00:00,2633,1,13,3982124.87935259,,,2022-02-03 16:44:00
Mitsui & Co Ltd,4295880574,4298458436,Hin Leong Trading (Pte) Ltd,Private,Customer,Singapore,Business Support Services,0.31334528,2019-12-03 00:00:00,793,4,2,3982124.87935259,,,2022-02-03 18:32:00
Airbus SE,4295884955,5000033354,GE Aviation Systems Ltd,Private,Supplier,United Kingdom,Aerospace & Defense,0.291106,2017-11-24 00:00:00,1532,2,2,541151418.059968,,CCC-,2022-02-03 18:36:00
Boeing Co,4295903076,5000033354,GE Aviation Systems Ltd,Private,Supplier,United Kingdom,Aerospace & Defense,0.99910712020215,2018-02-05 00:00:00,1459,2,15,541151418.059968,,CCC-,2022-02-03 12:01:00
Emirates Airline,4296833903,5000033354,GE Aviation Systems Ltd,Private,Customer,United Kingdom,Aerospace & Defense,0.574047776448,2015-11-09 00:00:00,2278,1,3,541151418.059968,,CCC-,2022-02-03 19:26:00
Emirates Airline,4296833903,5000033354,GE Aviation Systems Ltd,Private,Supplier,United Kingdom,Aerospace & Defense,0.28890176,2017-07-10 00:00:00,1669,1,2,541151418.059968,,CCC-,2022-02-03 19:26:00
Saab AB,4295890182,5000100407,L3harris Technologies Inc,Public,Supplier,United States of America,Aerospace & Defense,0.31855912,2015-02-24 00:00:00,2536,1,2,17814000000.0,55.0,BB,2022-02-03 18:43:00
Boeing Co,4295903076,5000100407,L3harris Technologies Inc,Public,Supplier,United States of America,Aerospace & Defense,0.999839564343487,2019-05-06 00:00:00,1004,3,18,17814000000.0,55.0,BB,2022-02-03 12:01:00
Accenture PLC,4295903017,4298161183,Murex SAS,Private,Supplier,France,Financial Technology (Fintech),1.0,2018-10-04 00:00:00,1219,3,1,379529432.266813,,AA,2022-02-04 11:13:00
MindTree Ltd,4295873719,4298161183,Murex SAS,Private,Supplier,France,Financial Technology (Fintech),1.0,2018-10-04 00:00:00,1220,3,1,379529432.266813,,AA,2022-02-05 19:38:00
Apple Inc,4295905573,4298344856,China Circuit Technology Shantou Corp,Private,Supplier,China,Semiconductors,1.0,2018-02-01 00:00:00,1463,2,1,151812360.09384,,,2022-02-03 19:04:00
HP Inc,4295904170,5000093233,Seagate Technology LLC,Private,Supplier,United States of America,Computer Hardware,0.2970032,2012-05-29 00:00:00,3537,1,2,1450637485.0,,,2022-02-03 18:57:00
TD Synnex Corp,4295899452,5000093233,Seagate Technology LLC,Private,Supplier,United States of America,Computer Hardware,0.3155328,2015-01-29 00:00:00,2562,1,2,1450637485.0,,,2022-02-03 14:25:00
Apple Inc,4295905573,5000093233,Seagate Technology LLC,Private,Supplier,United States of America,Computer Hardware,1.0,2018-02-01 00:00:00,1463,2,1,1450637485.0,,,2022-02-03 19:04:00
Apple Inc,4295905573,5000264644,SABIC Innovative Plastics,Private,Supplier,United States of America,Commodity Chemicals,1.0,2018-02-01 00:00:00,1463,2,1,,,,2022-02-03 19:04:00
Apple Inc,4295905573,5000535664,Chengdu Homin Technology Co Ltd,Private,Supplier,China,Industrial Machinery & Equipment,1.0,2018-02-01 00:00:00,1463,2,1,53613121.8676981,,,2022-02-03 19:04:00
Apple Inc,4295905573,5000577025,Taishan City Kamkiu Aluminium Extrusion Co Ltd,Private,Supplier,China,Specialty Mining & Metals,1.0,2018-02-01 00:00:00,1463,2,1,251376420.155099,,,2022-02-03 19:04:00
Apple Inc,4295905573,5000608965,Jinlong Holding Group Co Ltd,Private,Supplier,China,Electrical Components & Equipment,1.0,2018-02-01 00:00:00,1463,2,1,529014937.441732,,,2022-02-03 19:04:00
PetroChina Co Ltd,4295864860,5000771393,Trafigura Pte Ltd,Private,Supplier,Singapore,Oil Related Services and Equipment,0.999621589007064,2015-03-10 00:00:00,2522,1,16,92189755114.7944,,,2022-02-03 16:43:00
PetroChina Co Ltd,4295864860,5000771393,Trafigura Pte Ltd,Private,Customer,Singapore,Oil Related Services and Equipment,0.99999737172275,2017-09-08 00:00:00,1609,2,26,92189755114.7944,,,2022-02-03 16:43:00
Surgutneftegaz PAO,4295887098,5000771393,Trafigura Pte Ltd,Private,Customer,Singapore,Oil Related Services and Equipment,0.57333072,2018-02-27 00:00:00,1437,2,3,92189755114.7944,,,2022-02-03 18:40:00
BP PLC,4295894740,5000771393,Trafigura Pte Ltd,Private,Supplier,Singapore,Oil Related Services and Equipment,0.9999999998642,2015-12-11 00:00:00,2246,1,47,92189755114.7944,,,2022-02-03 16:40:00
BP PLC,4295894740,5000771393,Trafigura Pte Ltd,Private,Customer,Singapore,Oil Related Services and Equipment,0.999999999992829,2019-08-16 00:00:00,902,4,53,92189755114.7944,,,2022-02-03 16:40:00
Petroliam Nasional Bhd,4296540346,5000771393,Trafigura Pte Ltd,Private,Customer,Singapore,Oil Related Services and Equipment,0.58593949248,2013-05-27 00:00:00,3174,1,3,92189755114.7944,,,2022-02-03 19:24:00
Oil and Natural Gas Corporation Ltd,4295872684,5000771393,Trafigura Pte Ltd,Private,Customer,Singapore,Oil Related Services and Equipment,0.631047865053158,2016-03-14 00:00:00,2152,1,4,92189755114.7944,,,2022-02-03 14:40:00
Glencore PLC,5034844193,5000771393,Trafigura Pte Ltd,Private,Supplier,Singapore,Oil Related Services and Equipment,0.999980835234415,2017-07-24 00:00:00,1656,1,22,92189755114.7944,,,2022-02-04 11:51:00
Glencore PLC,5034844193,5000771393,Trafigura Pte Ltd,Private,Customer,Singapore,Oil Related Services and Equipment,0.999999830269104,2018-02-06 00:00:00,1459,2,33,92189755114.7944,,,2022-02-04 11:51:00
SK Innovation Co Ltd,4298008784,5000771393,Trafigura Pte Ltd,Private,Customer,Singapore,Oil Related Services and Equipment,0.728808115571443,2015-11-06 00:00:00,2281,1,7,92189755114.7944,,,2022-02-03 14:35:00
NK Lukoil PAO,4295887034,5000771393,Trafigura Pte Ltd,Private,Supplier,Singapore,Oil Related Services and Equipment,0.31795664,2013-01-16 00:00:00,3305,1,2,92189755114.7944,,,2022-02-03 18:39:00
Equinor ASA,4295885689,5000771393,Trafigura Pte Ltd,Private,Supplier,Singapore,Oil Related Services and Equipment,0.999914878369888,2015-02-13 00:00:00,2547,1,20,92189755114.7944,,,2022-02-03 18:38:00
Equinor ASA,4295885689,5000771393,Trafigura Pte Ltd,Private,Customer,Singapore,Oil Related Services and Equipment,0.999952489673792,2015-10-13 00:00:00,2305,1,21,92189755114.7944,,,2022-02-03 18:38:00
Shell PLC,4295885039,5000771393,Trafigura Pte Ltd,Private,Supplier,Singapore,Oil Related Services and Equipment,0.999999157573412,2014-08-28 00:00:00,2716,1,29,92189755114.7944,,,2022-02-03 18:37:00
Shell PLC,4295885039,5000771393,Trafigura Pte Ltd,Private,Customer,Singapore,Oil Related Services and Equipment,0.999999422209481,2016-04-11 00:00:00,2124,1,30,92189755114.7944,,,2022-02-03 18:37:00
Bharat Petroleum Corporation Ltd,4295872490,5000771393,Trafigura Pte Ltd,Private,Customer,Singapore,Oil Related Services and Equipment,0.683560004414313,2015-10-01 00:00:00,2317,1,5,92189755114.7944,,,2022-02-03 18:22:00
Exxon Mobil Corp,4295912121,5000771393,Trafigura Pte Ltd,Private,Supplier,Singapore,Oil Related Services and Equipment,0.30932384,2014-12-31 00:00:00,2591,1,2,92189755114.7944,,,2022-02-03 19:13:00
Conocophillips,4295903051,5000771393,Trafigura Pte Ltd,Private,Customer,Singapore,Oil Related Services and Equipment,0.31952,2011-04-05 00:00:00,3957,1,2,92189755114.7944,,,2022-02-03 18:51:00
Reliance Industries Ltd,4295872979,5000771393,Trafigura Pte Ltd,Private,Customer,Singapore,Oil Related Services and Equipment,0.31338752,2017-04-27 00:00:00,1745,1,2,92189755114.7944,,,2022-02-05 19:38:00
Mangalore Refinery and Petrochemicals Ltd,4295872506,5000771393,Trafigura Pte Ltd,Private,Customer,Singapore,Oil Related Services and Equipment,0.995635996372207,2014-10-31 00:00:00,2652,1,11,92189755114.7944,,,2022-02-03 18:23:00
Itochu Corp,4295880516,5000771393,Trafigura Pte Ltd,Private,Supplier,Singapore,Oil Related Services and Equipment,0.55940231568,2017-04-26 00:00:00,1744,1,3,92189755114.7944,,,2022-02-03 16:40:00
Indian Oil Corporation Ltd,4295872661,5000771393,Trafigura Pte Ltd,Private,Supplier,Singapore,Oil Related Services and Equipment,0.70142239504077,2017-10-17 00:00:00,1570,2,6,92189755114.7944,,,2022-02-03 18:23:00
Indian Oil Corporation Ltd,4295872661,5000771393,Trafigura Pte Ltd,Private,Customer,Singapore,Oil Related Services and Equipment,0.584857406064,2011-08-19 00:00:00,3821,1,3,92189755114.7944,,,2022-02-03 18:23:00
Chevron Corp,4295903744,5000771393,Trafigura Pte Ltd,Private,Customer,Singapore,Oil Related Services and Equipment,0.997284947998539,2015-11-05 00:00:00,2282,1,13,92189755114.7944,,,2022-02-03 16:44:00
NK Rosneft' PAO,4295887083,5000771393,Trafigura Pte Ltd,Private,Customer,Singapore,Oil Related Services and Equipment,0.999007180418292,2017-04-26 00:00:00,1744,1,15,92189755114.7944,,,2022-02-03 18:39:00
Apple Inc,4295905573,5020191448,Quadrant Solutions Inc,Private,Supplier,United States of America,Industrial Machinery & Equipment,1.0,2018-02-01 00:00:00,1463,2,1,3823479.0,,,2022-02-03 19:04:00
Apple Inc,4295905573,5037864698,Solvay Specialty Polymers USA LLC,Private,Supplier,United States of America,Commodity Chemicals,1.0,2018-02-01 00:00:00,1463,2,1,,,,2022-02-03 19:04:00
Apple Inc,4295905573,5039663887,Cosmosupplylab Ltd,Private,Supplier,Hong Kong,Computer Hardware,1.0,2018-02-01 00:00:00,1463,2,1,,,,2022-02-03 19:04:00
Apple Inc,4295905573,5042948685,Intramedia Dongguan Inc,Private,Supplier,China,Commercial Printing Services,1.0,2018-02-01 00:00:00,1463,2,1,56518760.307376,,,2022-02-03 19:04:00
